{"name":"position","identifier":"2PI68IRYKX","description":null,"slotTypeValues":[{"synonyms":[{"value":"java"},{"value":"fullstack developer"},{"value":"backend developer"}],"sampleValue":{"value":"java"}},{"synonyms":[{"value":"react"},{"value":"fronted developer"}],"sampleValue":{"value":"React"}},{"synonyms":[{"value":"Manual tester"},{"value":"Automation tester"},{"value":"APi testter"},{"value":"MObile tester"},{"value":"QA"}],"sampleValue":{"value":"QA"}}],"parentSlotTypeSignature":null,"valueSelectionSetting":{"resolutionStrategy":"TOP_RESOLUTION","regexFilter":null}}